<?xml version="1.0" encoding="UTF-8"?>
<!DOCTYPE mapper PUBLIC "-//mybatis.org//DTD Mapper 3.0//EN" "http://mybatis.org/dtd/mybatis-3-mapper.dtd">
<mapper namespace="org.jeecg.modules.cpe.device.mapper.CpeDeviceStatusMapper">

	<delete id="deleteByMainId" parameterType="java.lang.String">
		DELETE 
		FROM  cpe_device_status 
		WHERE
			 cpe_id = #{mainId} 	</delete>
	
	<select id="selectByMainId" parameterType="java.lang.String" resultType="org.jeecg.modules.cpe.device.entity.CpeDeviceStatus">
		SELECT * 
		FROM  cpe_device_status
		WHERE
			 cpe_id = #{mainId} 	</select>

	<delete id="deleteByTs" parameterType="java.util.Date">
		DELETE 
		FROM  cpe_device_status 
		WHERE
			 ts &lt; #{deleteBeforTime} 	</delete>

	<select id="selectNewtestTsByMainId" parameterType="java.lang.String" resultType="java.util.Date">
		SELECT max(ts)
		FROM  cpe_device_status
		WHERE
			 cpe_id = #{mainId} 	</select>
</mapper>
